name,email,country,salary,experience
Colt,purus.Duis@nullavulputate.net,Dominica,5.99,5
Macey,Donec.fringilla@facilisiSedneque.edu,United States,7.16,1
Fay,egestas.a@tristique.edu,Rwanda,5.46,9
Nora,lorem@blanditenim.co.uk,Curaçao,6.29,5
MacKensie,euismod@Suspendisse.co.uk,Christmas Island,1.17,5
Destiny,odio@necenim.com,Nigeria,3.62,4
MacKenzie,aliquet.Proin@semper.com,Dominica,8.53,9
Aline,cursus.purus.Nullam@vestibulum.edu,Canada,3.64,8
Maxine,diam@lectus.com,Finland,6.60,6
Kai,dui.semper@ultricessit.co.uk,Croatia,2.31,3
Rafael,tincidunt.dui@parturientmontesnascetur.co.uk,Bosnia and Herzegovina,6.45,2
Charde,mus.Proin@natoque.co.uk,Singapore,0.64,9
Kirestin,risus.Donec.egestas@sitamet.ca,Holy See (Vatican City State),0.01,3
Marah,Ut@volutpatornarefacilisis.net,Hong Kong,3.63,3
Venus,erat.in.consectetuer@loremipsumsodales.co.uk,Iran,3.88,5
Cassidy,hendrerit.Donec@ipsum.edu,"Palestine, State of",6.02,8
Urielle,at.nisi.Cum@acmi.net,Bhutan,0.75,3
Ezekiel,vel.lectus.Cum@Proinvel.net,Marshall Islands,5.49,7
Whilemina,nisl.sem.consequat@arcuCurabitur.org,Dominica,7.92,3
Alfreda,In.faucibus@egetodio.edu,Guam,8.76,10
Cyrus,dolor@ametmassa.org,Turkey,6.12,1
Randall,velit@ipsum.net,Ireland,5.52,2
Faith,magna.nec@egestasrhoncus.org,Papua New Guinea,2.02,6
Reed,tortor.dictum@ullamcorpereu.co.uk,Cuba,6.57,4
Howard,Cras.lorem@ultricesposuerecubilia.co.uk,British Indian Ocean Territory,8.35,10
Charity,cursus.diam.at@felisNulla.ca,Saint Martin,0.74,7
Neil,tincidunt@ipsum.co.uk,British Indian Ocean Territory,1.46,5
Emmanuel,aliquet@consequat.net,Bahrain,9.36,1
Nathaniel,Phasellus.in.felis@Inscelerisquescelerisque.co.uk,Puerto Rico,3.27,1
Otto,In@justosit.co.uk,Curaçao,7.30,10
Rae,ultrices.Duis@nibhAliquam.edu,Turkey,7.03,3
Kathleen,turpis@mauriselitdictum.com,Equatorial Guinea,4.03,3
Phoebe,tincidunt.orci@vitaesodales.com,Equatorial Guinea,4.24,1
Bell,eget.odio@etnunc.org,Congo (Brazzaville),9.60,1
Uma,vitae.aliquet.nec@est.net,Ukraine,9.28,9
Quentin,eu.ligula.Aenean@eu.org,Cape Verde,3.73,5
Ciara,luctus@Nuncpulvinar.co.uk,Anguilla,5.02,2
Fatima,egestas.a@convallisest.net,Guam,2.31,1
Jolene,convallis@auctorMauris.org,Cook Islands,6.87,2
Iola,lobortis.tellus@Donecporttitor.org,Mongolia,1.72,9
Hayden,ipsum.Suspendisse@blanditcongue.edu,Iceland,5.56,1
Linus,massa.Suspendisse@nisidictumaugue.net,Bulgaria,6.43,10
Ian,sagittis.Duis@aliquetsem.ca,"Congo, the Democratic Republic of the",0.46,8
Kiona,Nullam@aliquetnecimperdiet.net,Djibouti,6.76,6
Otto,Aliquam@necmollisvitae.edu,India,0.33,7
Quamar,parturient.montes.nascetur@euerosNam.com,Indonesia,9.14,3
Simone,cursus@eratvolutpat.com,Maldives,6.85,10
Nathan,ac.turpis.egestas@semper.com,Andorra,6.19,10
William,Curabitur@quispedeSuspendisse.net,Venezuela,3.77,6
James,tortor.nibh.sit@Donec.com,Lesotho,7.42,8
Quin,Integer.mollis@feugiatSed.com,Tajikistan,8.26,9
Herman,amet@et.ca,Nepal,5.13,8
Wynter,ultricies@Donecat.net,Spain,6.72,6
Steel,fermentum@PraesentluctusCurabitur.org,Italy,3.85,2
Solomon,sit.amet@metus.ca,Somalia,9.38,7
Ira,consectetuer.rhoncus.Nullam@et.edu,Slovenia,9.35,6
Aline,Integer@sedliberoProin.ca,Niger,3.87,6
Oscar,Aliquam.ornare.libero@semmagnanec.net,Gambia,6.07,7
Colorado,nec.luctus.felis@faucibusut.net,Jersey,6.44,9
Ronan,est@liberoProinsed.co.uk,Solomon Islands,1.29,2
Fiona,rutrum@euismodmauriseu.com,Côte D'Ivoire (Ivory Coast),7.08,2
Tate,scelerisque.mollis@dignissimpharetra.edu,Sudan,4.68,2
Solomon,lacus.pede@nibhvulputate.ca,Wallis and Futuna,5.55,2
Charissa,nec.urna.et@vitaeorci.com,Slovenia,3.65,8
Nicholas,torquent.per@consequatenim.edu,Cyprus,4.39,3
Cain,ut.dolor.dapibus@tortornibhsit.co.uk,"Palestine, State of",4.46,3
Dennis,ipsum.dolor@facilisismagna.org,Belize,0.97,4
Aurelia,Nullam.suscipit.est@sit.edu,Zimbabwe,8.69,7
Lars,fames@Donec.edu,Burkina Faso,8.57,2
Lana,amet@nunc.com,Serbia,0.04,6
Jerome,rhoncus.Nullam.velit@erosProin.co.uk,Estonia,1.42,7
Nichole,erat.semper.rutrum@fermentumarcuVestibulum.ca,Bouvet Island,0.37,10
Robert,metus.In.lorem@dolor.edu,"Saint Helena, Ascension and Tristan da Cunha",1.80,1
Felicia,Curabitur.sed.tortor@lectusquis.net,Pitcairn Islands,4.43,9
Kelly,quam.dignissim.pharetra@iaculis.co.uk,Christmas Island,2.59,7
Holmes,dolor.tempus.non@risusDuis.ca,Mauritius,7.17,10
Irene,Sed.eu@orcilacus.co.uk,Bolivia,8.93,7
Stone,at.augue.id@ligulaelitpretium.edu,Mauritania,1.31,5
Kyla,Integer.vulputate@Nullamfeugiatplacerat.co.uk,Thailand,6.59,3
Darryl,Sed@turpisegestas.edu,Saudi Arabia,3.80,5
Derek,posuere.cubilia@nequesed.co.uk,Åland Islands,8.57,2
Eugenia,odio.auctor.vitae@asollicitudinorci.com,Suriname,5.77,4
Steel,amet@arcu.org,Italy,4.99,8
Jerry,justo.eu@in.co.uk,Lithuania,4.68,9
Shelby,nunc@mauris.net,Qatar,9.35,1
Richard,primis@Curabitur.com,Cuba,5.75,4
Inga,laoreet@eliteratvitae.net,Mongolia,6.37,5
Avram,sem.Pellentesque@imperdietullamcorperDuis.org,San Marino,7.41,6
Patricia,Fusce@mauriseuelit.ca,"Saint Helena, Ascension and Tristan da Cunha",8.80,5
Harlan,risus.Donec.egestas@etrutrumeu.com,Iraq,6.29,3
Octavius,id.nunc.interdum@diamSeddiam.org,Paraguay,4.69,3
Neil,ultricies@ipsumportaelit.org,Yemen,8.38,10
Pascale,tellus@utnullaCras.ca,Cape Verde,5.99,9
Daryl,adipiscing@uterosnon.org,Aruba,2.25,2
Clarke,Nullam.velit.dui@acfeugiatnon.ca,Saint Lucia,7.08,5
Lee,lectus@dolor.edu,Guinea,2.60,7
Clare,et@est.com,Montenegro,6.85,3
Hammett,Cum.sociis@Aliquam.net,Poland,8.52,7
Melanie,leo@aliquetdiamSed.co.uk,Jamaica,4.21,9
Charissa,eget.lacus.Mauris@auctorquis.net,Saint Pierre and Miquelon,3.50,5